Config,Context,n,challenges,false_challenge_rate,denies,false_deny_rate,friction_rate,challenge_rate_num,deny_rate_num,friction_rate_num
B0,stable,2007,0,"0.000 [0.000, 0.002]",0,"0.000 [0.000, 0.002]","0.000 [0.000, 0.002]",0.0,0.0,0.0
B0,drift,80,0,"0.000 [0.000, 0.046]",0,"0.000 [0.000, 0.046]","0.000 [0.000, 0.046]",0.0,0.0,0.0
B0,all,2087,0,"0.000 [0.000, 0.002]",0,"0.000 [0.000, 0.002]","0.000 [0.000, 0.002]",0.0,0.0,0.0
B1,stable,1974,0,"0.000 [0.000, 0.002]",0,"0.000 [0.000, 0.002]","0.000 [0.000, 0.002]",0.0,0.0,0.0
B1,drift,80,0,"0.000 [0.000, 0.046]",0,"0.000 [0.000, 0.046]","0.000 [0.000, 0.046]",0.0,0.0,0.0
B1,all,2054,0,"0.000 [0.000, 0.002]",0,"0.000 [0.000, 0.002]","0.000 [0.000, 0.002]",0.0,0.0,0.0
P,stable,1970,4,"0.002 [0.001, 0.005]",73,"0.037 [0.030, 0.046]","0.039 [0.031, 0.049]",0.002,0.0371,0.0391
P,drift,80,4,"0.050 [0.020, 0.122]",74,"0.925 [0.846, 0.965]","0.975 [0.913, 0.993]",0.05,0.925,0.975
P,all,2050,8,"0.004 [0.002, 0.008]",147,"0.072 [0.061, 0.084]","0.076 [0.065, 0.088]",0.0039,0.0717,0.0756
